City_ID,City,Country,Date,Lat,Lng,Max Temp,Humidity,Cloudiness,Wind Speed
0,Butaritari,KI,2022-07-20 16:43:51,3.0707,172.7902,80.82,80,97,11.97
1,Ahipara,NZ,2022-07-20 16:43:51,-35.1667,173.1667,54.09,71,35,16.28
2,Mandalgovi,MN,2022-07-20 16:43:52,45.7625,106.2708,62.04,67,98,19.6
3,Havre-Saint-Pierre,CA,2022-07-20 16:44:10,50.2334,-63.5986,71.96,73,75,13.8
4,Rikitea,PF,2022-07-20 16:44:26,-23.1203,-134.9692,72.88,76,2,1.23
5,Mataura,NZ,2022-07-20 16:44:27,-46.1927,168.8643,39.47,93,36,1.41
6,Punta Arenas,CL,2022-07-20 16:41:07,-53.15,-70.9167,35.62,80,75,26.46
7,Saeby,DK,2022-07-20 16:44:27,57.3319,10.5225,91.33,61,14,17.52
8,Hermanus,ZA,2022-07-20 16:43:55,-34.4187,19.2345,53.8,70,3,4.14
9,Kudahuvadhoo,MV,2022-07-20 16:40:53,2.6708,72.8944,79.0,80,100,6.71
10,Ushuaia,AR,2022-07-20 16:40:31,-54.8,-68.3,33.46,86,100,20.71
11,Castro,BR,2022-07-20 16:43:55,-24.7911,-50.0119,68.41,70,75,5.17
12,Hurghada,EG,2022-07-20 16:43:56,27.2574,33.8129,98.64,23,0,14.97
13,Ostrovnoy,RU,2022-07-20 16:43:56,68.0531,39.5131,50.97,89,9,7.05
14,Sorgun,TR,2022-07-20 16:43:57,39.8101,35.186,61.52,69,22,13.96
15,Port Alfred,ZA,2022-07-20 16:43:57,-33.5906,26.891,57.18,95,97,1.01
16,Jamestown,US,2022-07-20 16:41:55,42.097,-79.2353,87.39,59,40,11.5
17,Horta,PT,2022-07-20 16:43:10,38.5333,-28.6333,74.84,78,40,8.05
18,Okha,RU,2022-07-20 16:43:58,53.5739,142.9478,54.41,96,94,8.86
19,Vaini,TO,2022-07-20 16:43:58,-21.2,-175.2,73.56,88,75,8.05
20,Albany,US,2022-07-20 16:42:18,42.6001,-73.9662,91.63,54,7,5.64
21,Bluff,NZ,2022-07-20 16:43:59,-46.6,168.3333,39.79,66,90,8.23
22,Jardim,BR,2022-07-20 16:44:00,-21.4803,-56.1381,92.44,17,56,9.46
23,Yendi,GH,2022-07-20 16:44:00,9.4427,-0.0099,83.97,54,72,4.36
24,Hilo,US,2022-07-20 16:44:00,19.7297,-155.09,73.27,95,75,5.75
25,Wainwright,CA,2022-07-20 16:44:01,52.839,-110.8572,64.22,60,0,13.67
26,Chokurdakh,RU,2022-07-20 16:44:01,70.6333,147.9167,38.59,81,73,10.11
27,Hobart,AU,2022-07-20 16:44:02,-42.8794,147.3294,36.05,93,1,6.91
28,Kupang,ID,2022-07-20 16:44:02,-10.1667,123.5833,74.35,86,40,10.69
29,Pisco,PE,2022-07-20 16:44:03,-13.7,-76.2167,59.05,88,100,5.75
30,Sept-Iles,CA,2022-07-20 16:43:19,50.2001,-66.3821,75.72,54,75,17.27
31,Yurty,RU,2022-07-20 16:44:03,56.0498,97.6348,54.25,89,24,3.65
32,Aleksandrov Gay,RU,2022-07-20 16:44:04,50.147,48.5704,75.11,33,28,6.85
33,Iqaluit,CA,2022-07-20 16:44:04,63.7506,-68.5145,49.73,87,75,6.91
34,Norman Wells,CA,2022-07-20 16:44:05,65.282,-126.8329,62.64,67,75,0.0
35,Guangyuan,CN,2022-07-20 16:39:11,32.442,105.823,71.73,92,44,1.68
36,Willowmore,ZA,2022-07-20 16:44:05,-33.2926,23.4895,47.7,83,88,4.38
37,Rio Grande,BR,2022-07-20 16:43:24,-32.035,-52.0986,66.31,83,2,12.68
38,Charters Towers,AU,2022-07-20 16:44:06,-20.1,146.2667,58.82,91,21,5.99
39,Port Hardy,CA,2022-07-20 16:44:07,50.6996,-127.4199,55.58,94,75,3.44
40,Khanu Woralaksaburi,TH,2022-07-20 16:44:07,16.0617,99.8606,80.76,83,100,5.14
41,Storslett,NO,2022-07-20 16:44:08,69.7678,21.0247,69.8,52,40,9.22
42,Cape Town,ZA,2022-07-20 16:41:40,-33.9258,18.4232,55.27,58,20,9.22
43,Ribeira Grande,PT,2022-07-20 16:39:59,38.5167,-28.7,75.6,78,40,8.05
44,Saldanha,ZA,2022-07-20 16:44:09,-33.0117,17.9442,53.65,63,0,13.04
45,Sobolevo,RU,2022-07-20 16:44:09,54.4299,31.8996,60.04,73,49,12.59
46,Dodoma,TZ,2022-07-20 16:44:10,-6.1722,35.7395,65.37,58,4,13.47
47,Termiz,UZ,2022-07-20 16:45:36,37.2242,67.2783,93.29,21,0,6.91
48,Isla Vista,US,2022-07-20 16:45:36,34.4133,-119.861,82.35,63,75,6.91
49,Eureka,US,2022-07-20 16:40:41,40.8021,-124.1637,56.93,85,68,1.01
50,Kavaratti,IN,2022-07-20 16:45:37,10.5669,72.642,80.78,81,100,19.84
51,Changde,CN,2022-07-20 16:45:37,29.0464,111.6783,77.92,93,100,2.35
52,Airai,TL,2022-07-20 16:45:38,-8.9266,125.4092,58.05,94,73,2.8
53,Muros,ES,2022-07-20 16:45:38,42.7762,-9.0603,87.15,65,0,16.4
54,Hualmay,PE,2022-07-20 16:45:39,-11.0964,-77.6139,66.34,70,57,8.95
55,Lima,PE,2022-07-20 16:45:02,-12.0432,-77.0282,62.91,82,100,8.05
56,Teitipac,MX,2022-07-20 16:45:39,16.9458,-96.6092,76.62,55,98,0.65
57,Norsup,VU,2022-07-20 16:45:40,-16.0667,167.3833,79.47,84,61,12.91
58,Praia Da Vitoria,PT,2022-07-20 16:45:40,38.7333,-27.0667,77.76,73,40,1.48
59,Virginia Beach,US,2022-07-20 16:41:54,36.8529,-75.978,95.05,61,100,8.05
60,Abha,SA,2022-07-20 16:45:41,18.2164,42.5053,69.62,60,40,11.5
61,Namibe,AO,2022-07-20 16:45:41,-15.1961,12.1522,65.03,82,40,13.8
62,Yellowknife,CA,2022-07-20 16:45:42,62.456,-114.3525,61.32,72,75,14.97
63,Nenjiang,CN,2022-07-20 16:45:43,49.1833,125.2167,66.43,89,11,2.95
64,Beyneu,KZ,2022-07-20 16:45:43,45.3167,55.2,90.95,25,46,18.88
65,Swan Hill,AU,2022-07-20 16:45:44,-35.3378,143.5544,41.25,73,60,10.29
66,New Norfolk,AU,2022-07-20 16:45:44,-42.7826,147.0587,35.71,88,1,2.64
67,Port Elizabeth,ZA,2022-07-20 16:44:07,-33.918,25.5701,57.49,91,100,5.99
68,Doha,QA,2022-07-20 16:42:31,25.2867,51.5333,100.71,56,67,9.22
69,Tuatapere,NZ,2022-07-20 16:45:45,-46.1333,167.6833,41.85,85,100,1.68
70,Barrow,US,2022-07-20 16:45:46,71.2906,-156.7887,42.82,87,0,8.05
71,Neiafu,TO,2022-07-20 16:45:46,-18.65,-173.9833,77.68,78,40,6.91
72,Gavrilov Posad,RU,2022-07-20 16:45:47,56.5597,40.1175,58.66,88,97,6.04
73,Alamosa,US,2022-07-20 16:45:47,37.4695,-105.87,73.38,43,0,3.44
74,Taoudenni,ML,2022-07-20 16:45:47,22.6783,-3.9836,111.13,10,23,6.17
75,Carnarvon,AU,2022-07-20 16:45:48,-24.8667,113.6333,70.81,75,0,16.64
76,Bredasdorp,ZA,2022-07-20 16:45:48,-34.5322,20.0403,50.95,77,67,3.51
77,Yerbogachen,RU,2022-07-20 16:45:49,61.2767,108.0108,56.05,88,100,3.56
78,Lexington Park,US,2022-07-20 16:45:49,38.2668,-76.4538,92.08,65,20,6.91
79,Migori,KE,2022-07-20 16:45:50,-1.0634,34.4731,66.42,66,61,0.78
80,Leningradskiy,RU,2022-07-20 16:45:50,69.3833,178.4167,32.81,95,100,16.08
81,Sakakah,SA,2022-07-20 16:45:50,29.9697,40.2064,110.77,9,7,10.47
82,Georgetown,MY,2022-07-20 16:41:20,5.4112,100.3354,82.89,85,20,2.3
83,Los Palacios,CU,2022-07-20 16:45:51,22.5872,-83.2486,91.18,51,11,10.51
84,Cherskiy,RU,2022-07-20 16:45:10,68.75,161.3,35.94,89,88,11.63
85,Takoradi,GH,2022-07-20 16:45:52,4.8845,-1.7554,76.75,63,89,7.92
86,Mar Del Plata,AR,2022-07-20 16:43:04,-38.0023,-57.5575,62.1,71,0,20.71
87,Decatur,US,2022-07-20 16:45:26,39.8403,-88.9548,89.87,58,0,12.66
88,Karwar,IN,2022-07-20 16:45:53,14.8,74.1333,77.9,89,47,10.51
89,Saint-Philippe,RE,2022-07-20 16:45:53,-21.3585,55.7679,71.19,73,39,15.43
90,Port Blair,IN,2022-07-20 16:45:54,11.6667,92.75,78.84,94,100,0.0
91,Harer,ET,2022-07-20 16:45:54,9.3094,42.1258,59.23,80,97,3.36
92,Puerto Ayora,EC,2022-07-20 16:46:27,-0.7393,-90.3518,76.96,96,91,8.01
93,Bonthe,SL,2022-07-20 16:46:55,7.5264,-12.505,75.33,86,100,10.4
94,Atuona,PF,2022-07-20 16:46:55,-9.8,-139.0333,77.54,76,43,15.1
95,Hithadhoo,MV,2022-07-20 16:46:55,-0.6,73.0833,80.69,71,100,3.53
96,Cayenne,GF,2022-07-20 16:46:56,4.9333,-52.3333,87.84,21,20,8.05
97,Ilulissat,GL,2022-07-20 16:46:56,69.2167,-51.1,53.62,50,75,5.75
98,Sola,VU,2022-07-20 16:46:57,-13.8833,167.55,80.44,80,71,19.22
99,Provideniya,RU,2022-07-20 16:46:57,64.3833,-173.3,40.08,95,97,15.82
100,Matagami,CA,2022-07-20 16:46:57,49.7502,-77.6328,62.71,88,100,5.75
101,Tomatlan,MX,2022-07-20 16:46:58,19.9333,-105.25,92.21,52,92,2.73
102,Chuy,UY,2022-07-20 16:46:58,-33.6971,-53.4616,60.75,77,0,10.51
103,Bac Lieu,VN,2022-07-20 16:46:59,9.285,105.7244,80.17,85,74,8.77
104,Nikolskoye,RU,2022-07-20 16:46:59,59.7035,30.7861,72.88,53,95,11.88
105,Hargeysa,SO,2022-07-20 16:46:29,9.56,44.065,71.15,53,94,25.55
106,Huilong,CN,2022-07-20 16:47:00,31.8111,121.655,79.3,93,100,8.61
107,Hirara,JP,2022-07-20 16:47:00,24.8,125.2833,84.72,82,5,12.17
108,Brae,GB,2022-07-20 16:47:01,60.3964,-1.353,57.49,80,76,12.71
109,Elko,US,2022-07-20 16:47:01,41.0002,-115.5012,82.74,41,78,7.0
110,Flinders,AU,2022-07-20 16:47:02,-34.5833,150.8552,51.19,93,99,4.0
111,Pacific Grove,US,2022-07-20 16:42:06,36.6177,-121.9166,68.2,93,100,13.0
112,Altamira,BR,2022-07-20 16:46:31,-3.2033,-52.2064,87.91,57,34,2.17
113,Wanning,CN,2022-07-20 16:47:03,18.8003,110.3967,79.74,91,9,7.52
114,Batangafo,CF,2022-07-20 16:47:03,7.3008,18.2833,73.81,91,84,1.79
115,Hamilton,US,2022-07-20 16:44:23,39.1834,-84.5333,90.72,73,75,14.97
116,Ca Mau,VN,2022-07-20 16:44:13,9.1769,105.15,76.78,94,98,4.9
117,Nioki,CD,2022-07-20 16:47:04,-2.7167,17.6833,81.75,59,86,0.74
118,Kapaa,US,2022-07-20 16:47:05,22.0752,-159.319,75.18,87,75,9.22
119,Tiksi,RU,2022-07-20 16:47:05,71.6872,128.8694,35.44,96,100,10.36
120,East London,ZA,2022-07-20 16:44:13,-33.0153,27.9116,58.14,94,75,3.44
121,Kavieng,PG,2022-07-20 16:47:06,-2.5744,150.7967,81.43,78,100,11.34
122,Souillac,MU,2022-07-20 16:47:06,-20.5167,57.5167,71.98,64,40,19.57
123,Jumla,NP,2022-07-20 16:47:07,29.2747,82.1838,64.17,96,100,1.07
124,San Clemente,US,2022-07-20 16:44:18,33.427,-117.612,84.96,77,99,4.0
125,Stromness,GB,2022-07-20 16:47:07,58.965,-3.296,57.87,83,77,8.99
126,Husavik,IS,2022-07-20 16:47:08,66.0449,-17.3389,46.24,85,100,7.43
127,Muisne,EC,2022-07-20 16:47:08,0.6,-80.0333,75.11,82,100,11.39
128,Baghdad,IQ,2022-07-20 16:47:09,33.3406,44.4009,109.31,14,0,14.97
129,Siocon,PH,2022-07-20 16:47:09,7.7061,122.1353,78.84,86,90,3.51
130,Saskylakh,RU,2022-07-20 16:47:10,71.9167,114.0833,37.72,88,79,14.81
131,Guadix,ES,2022-07-20 16:47:10,37.2993,-3.1392,99.12,5,0,5.26
132,Lebu,CL,2022-07-20 16:45:46,-37.6167,-73.65,52.52,97,100,10.98
133,Busselton,AU,2022-07-20 16:47:11,-33.65,115.3333,62.49,85,100,18.66
134,Gwanda,ZW,2022-07-20 16:47:12,-20.9333,29.0,63.66,47,61,4.85
135,Arraial Do Cabo,BR,2022-07-20 16:47:12,-22.9661,-42.0278,75.16,78,75,11.5
136,Palatka,US,2022-07-20 16:47:12,29.6486,-81.6376,92.98,63,11,1.01
137,Ugoofaaru,MV,2022-07-20 16:47:13,5.6667,73.0,80.11,80,100,11.97
138,Pochutla,MX,2022-07-20 16:47:13,15.7432,-96.4661,91.81,58,92,4.61
139,Tuktoyaktuk,CA,2022-07-20 16:47:14,69.4541,-133.0374,57.2,77,75,16.11
140,Sirjan,IR,2022-07-20 16:47:14,29.452,55.6814,87.08,10,2,17.78
141,Srednekolymsk,RU,2022-07-20 16:47:15,67.45,153.6833,46.36,70,80,6.44
142,Inirida,CO,2022-07-20 16:48:15,3.8653,-67.9239,82.44,74,93,1.86
143,Severo-Kurilsk,RU,2022-07-20 16:48:16,50.6789,156.125,50.58,98,97,13.85
144,Comodoro Rivadavia,AR,2022-07-20 16:48:16,-45.8667,-67.5,48.06,37,0,29.93
145,Bambari,CF,2022-07-20 16:48:17,5.768,20.6757,72.81,94,84,1.14
146,Boyolangu,ID,2022-07-20 16:48:17,-8.1181,111.8935,73.47,88,82,5.59
147,Krasnoselkup,RU,2022-07-20 16:48:18,65.7,82.4667,54.18,69,100,6.91
148,Pavlovo,RU,2022-07-20 16:48:18,55.9686,43.0912,58.23,83,55,7.14
149,Vostok,RU,2022-07-20 16:48:19,46.4856,135.8833,59.49,98,88,2.86
150,Igarka,RU,2022-07-20 16:48:19,67.4667,86.5833,48.69,97,100,4.0
151,Saint-Leu,RE,2022-07-20 16:48:20,-21.15,55.2833,70.66,67,45,3.22
152,Hambantota,LK,2022-07-20 16:48:20,6.1241,81.1185,79.5,84,99,19.19
153,Cordoba,AR,2022-07-20 16:44:09,-31.4135,-64.1811,73.76,30,0,8.05
154,Dikson,RU,2022-07-20 16:43:45,73.5069,80.5464,44.31,67,0,20.29
155,Sambava,MG,2022-07-20 16:48:21,-14.2667,50.1667,69.91,84,32,15.43
156,Lahaina,US,2022-07-20 16:48:22,20.8783,-156.6825,73.4,74,38,9.95
157,Sri Aman,MY,2022-07-20 16:48:22,1.2376,111.4621,77.09,94,46,0.0
158,Seguin,US,2022-07-20 16:46:40,29.5688,-97.9647,96.04,60,0,12.66
159,Solwezi,ZM,2022-07-20 16:48:23,-12.1688,26.3894,64.98,54,90,1.66
160,Nome,US,2022-07-20 16:48:23,64.5011,-165.4064,48.27,93,100,17.27
161,Inuvik,CA,2022-07-20 16:45:38,68.3499,-133.7218,60.01,60,75,4.61
162,Dusetos,LT,2022-07-20 16:48:24,55.75,25.85,64.6,61,5,10.29
163,Codrington,AU,2022-07-20 16:48:25,-38.2667,141.9667,38.79,87,0,7.67
164,Atar,MR,2022-07-20 16:48:25,20.5169,-13.0499,110.55,6,98,13.87
165,Mount Isa,AU,2022-07-20 16:48:26,-20.7333,139.5,56.97,33,0,10.36
166,Mazamari,PE,2022-07-20 16:48:26,-11.3258,-74.5308,87.96,45,27,3.09
167,Talikota,IN,2022-07-20 16:48:26,16.4833,76.3167,79.14,72,88,17.16
168,Bubaque,GW,2022-07-20 16:47:45,11.2833,-15.8333,77.81,87,100,18.66
169,Norfolk,US,2022-07-20 16:44:18,42.1668,-71.2495,95.34,53,0,5.75
170,Ust-Nera,RU,2022-07-20 16:48:27,64.5667,143.2,54.72,83,98,7.83
171,Naron,ES,2022-07-20 16:48:28,43.5167,-8.1528,75.56,74,4,17.58
172,Gat,IL,2022-07-20 16:48:28,31.61,34.7642,85.78,27,0,10.63
173,Upernavik,GL,2022-07-20 16:48:29,72.7868,-56.1549,48.13,68,61,6.51
174,Bonga,ET,2022-07-20 16:48:29,7.2833,36.2333,59.85,97,100,1.5
175,Yar-Sale,RU,2022-07-20 16:48:29,66.8333,70.8333,58.59,62,52,11.1
176,Malinyi,TZ,2022-07-20 16:48:30,-8.9333,36.1333,72.5,58,74,1.1
177,Paraiso,CR,2022-07-20 16:48:31,9.8383,-83.8656,76.06,89,95,3.49
178,Belaya Gora,RU,2022-07-20 16:48:31,68.5333,146.4167,38.28,88,43,2.59
179,Lavrentiya,RU,2022-07-20 16:48:31,65.5833,-171.0,40.51,82,100,14.81
180,Saint George,US,2022-07-20 16:43:41,37.1041,-113.5841,97.43,25,3,1.99
181,Ponta Do Sol,PT,2022-07-20 16:48:32,32.6667,-17.1,82.71,70,0,3.13
182,Kazerun,IR,2022-07-20 16:48:32,29.6195,51.6541,90.0,39,0,2.37
183,Olinda,BR,2022-07-20 16:48:33,-8.0089,-34.8553,74.93,88,75,11.5
184,Lagoa,PT,2022-07-20 16:48:33,39.05,-27.9833,72.36,77,25,6.04
185,Avarua,CK,2022-07-20 16:48:34,-21.2078,-159.775,73.45,68,75,11.5
186,Zyryanka,RU,2022-07-20 16:48:34,65.75,150.85,44.4,74,100,9.82
187,Khatanga,RU,2022-07-20 16:49:35,71.9667,102.5,48.31,55,100,21.07
188,Talnakh,RU,2022-07-20 16:49:35,69.4865,88.3972,52.21,73,89,3.2
189,Paka,MY,2022-07-20 16:49:35,4.6374,103.4368,76.98,94,100,0.0
190,Mahebourg,MU,2022-07-20 16:49:36,-20.4081,57.7,71.89,64,40,19.57
191,Qaanaaq,GL,2022-07-20 16:46:28,77.484,-69.3632,41.0,81,100,4.43
192,Hailar,CN,2022-07-20 16:49:37,49.2,119.7,66.63,68,1,3.53
193,Lorengau,PG,2022-07-20 16:49:37,-2.0226,147.2712,80.83,78,53,5.95
194,Goulburn,AU,2022-07-20 16:49:38,-34.75,149.7167,44.08,92,100,10.65
195,Tasiilaq,GL,2022-07-20 16:49:38,65.6145,-37.6368,42.96,79,58,3.04
196,Coquimbo,CL,2022-07-20 16:46:48,-29.9533,-71.3436,53.33,93,100,2.3
197,Turinsk,RU,2022-07-20 16:49:39,58.0458,63.696,61.66,76,46,9.28
198,Sawai Madhopur,IN,2022-07-20 16:49:39,25.9833,76.3667,86.58,67,100,11.59
199,Ati,TD,2022-07-20 16:49:40,13.2154,18.3353,91.2,42,50,2.19
200,Benjamin Hill,MX,2022-07-20 16:46:14,30.1667,-111.1,83.21,54,61,4.45
201,Bethel,US,2022-07-20 16:49:40,41.3712,-73.414,95.36,54,0,3.44
202,Point Pedro,LK,2022-07-20 16:49:41,9.8167,80.2333,81.12,86,67,13.33
203,Thompson,CA,2022-07-20 16:49:41,55.7435,-97.8558,62.76,82,100,10.36
204,Camacupa,AO,2022-07-20 16:49:41,-12.0167,17.4833,68.38,29,5,4.41
205,Cockburn Town,TC,2022-07-20 16:49:42,21.4612,-71.1419,81.93,77,0,19.75
206,Cabo San Lucas,MX,2022-07-20 16:48:11,22.8909,-109.9124,92.61,66,56,4.97
207,Matay,EG,2022-07-20 16:49:43,28.419,30.7792,95.09,18,0,9.86
208,Kodiak,US,2022-07-20 16:49:43,57.79,-152.4072,53.11,76,0,3.44
209,Severnoye,RU,2022-07-20 16:49:44,56.3491,78.3619,61.18,87,100,3.29
210,Tura,IN,2022-07-20 16:49:44,25.5198,90.2201,75.52,94,100,5.77
211,Madang,PG,2022-07-20 16:49:44,-5.2246,145.7966,76.69,90,100,2.33
212,Esperance,AU,2022-07-20 16:49:45,-33.8667,121.9,60.1,57,100,19.62
213,Clyde River,CA,2022-07-20 16:47:04,70.4692,-68.5914,39.43,93,100,6.91
214,Cidreira,BR,2022-07-20 16:49:45,-30.1811,-50.2056,64.47,78,0,14.18
215,Kirakira,SB,2022-07-20 16:49:46,-10.4544,161.9205,78.8,85,28,6.62
216,Penapolis,BR,2022-07-20 16:49:46,-21.4197,-50.0775,88.65,25,32,8.1
217,Martapura,ID,2022-07-20 16:49:47,-3.4167,114.85,77.09,88,12,1.14
218,Santa Rosa,PH,2022-07-20 16:49:47,14.3122,121.1114,84.18,78,96,5.46
219,Vilhena,BR,2022-07-20 16:49:48,-12.7406,-60.1458,84.42,30,0,16.11
220,Walvis Bay,NA,2022-07-20 16:49:48,-22.9575,14.5053,63.55,63,0,10.36
221,Santa Cruz,BO,2022-07-20 16:45:03,-17.8,-63.1667,82.45,44,12,9.22
222,Turbat,PK,2022-07-20 16:49:49,26.0023,63.044,85.78,74,92,11.68
223,Portland,US,2022-07-20 16:45:46,45.5234,-122.6762,78.96,64,0,3.0
224,Erdenet,MN,2022-07-20 16:49:49,49.0333,104.0833,51.31,87,99,1.3
225,Caravelas,BR,2022-07-20 16:49:50,-17.7125,-39.2481,77.77,61,46,8.46
226,Lalmohan,BD,2022-07-20 16:49:50,22.3384,90.7419,82.9,84,91,10.58
227,Bako,ET,2022-07-20 16:49:51,5.7833,36.5667,67.35,60,92,2.98
228,Arroyo,ES,2022-07-20 16:49:51,41.6096,-4.7969,94.14,20,0,4.61
229,Lompoc,US,2022-07-20 16:49:51,34.6391,-120.4579,69.94,88,100,3.44
230,Torbay,CA,2022-07-20 16:47:34,47.6666,-52.7314,74.17,70,75,21.85
231,Qixia,CN,2022-07-20 16:49:52,37.2975,120.8256,66.47,95,21,3.31
232,Ponta Delgada,PT,2022-07-20 16:49:52,37.7333,-25.6667,72.32,83,75,8.05
233,Galle,LK,2022-07-20 16:50:53,6.0367,80.217,78.66,87,100,15.86
234,Narsaq,GL,2022-07-20 16:50:53,60.9167,-46.05,52.34,87,99,0.94
235,Birao,CF,2022-07-20 16:50:54,10.2849,22.7882,77.25,74,53,3.51
236,Chokwe,MZ,2022-07-20 16:50:54,-24.5333,32.9833,74.41,51,10,6.29
237,Ishikari,JP,2022-07-20 16:50:54,43.2397,141.3539,69.66,90,0,7.52
238,Fayaoue,NC,2022-07-20 16:50:55,-20.65,166.5333,76.95,87,99,13.02
239,Qaqortoq,GL,2022-07-20 16:50:55,60.7167,-46.0333,52.21,85,96,7.09
240,Victoria,HK,2022-07-20 16:48:08,22.2855,114.1577,88.18,84,12,5.01
241,Mount Gambier,AU,2022-07-20 16:50:56,-37.8333,140.7667,39.22,88,0,5.37
242,Akyab,MM,2022-07-20 16:50:56,20.15,92.9,82.83,83,58,6.4
243,Payson,US,2022-07-20 16:50:57,40.0444,-111.7321,85.41,38,1,1.99
244,Nigde,TR,2022-07-20 16:50:57,37.8333,34.75,67.3,53,0,11.74
245,Ahuimanu,US,2022-07-20 16:50:58,21.4447,-157.8378,76.71,75,0,9.22
246,Whitehorse,CA,2022-07-20 16:50:58,60.7161,-135.0538,52.57,69,100,5.75
247,Sao Paulo De Olivenca,BR,2022-07-20 16:50:59,-3.3783,-68.8725,80.35,86,56,2.42
248,Salalah,OM,2022-07-20 16:46:14,17.0151,54.0924,77.09,94,100,5.75
249,Coihaique,CL,2022-07-20 16:50:59,-45.5752,-72.0662,36.21,93,75,3.44
250,Sisimiut,GL,2022-07-20 16:51:00,66.9395,-53.6735,49.44,76,100,5.03
251,Falmouth,GB,2022-07-20 16:51:00,50.1544,-5.0711,65.41,59,40,19.57
252,Hovd,MN,2022-07-20 16:51:01,48.0056,91.6419,57.45,56,99,5.14
253,Nuuk,GL,2022-07-20 16:50:45,64.1835,-51.7216,45.75,95,100,9.01
254,Felanitx,ES,2022-07-20 16:51:01,39.4696,3.1483,91.13,45,0,8.05
255,Vestmannaeyjar,IS,2022-07-20 16:51:02,63.4427,-20.2734,55.29,77,19,15.97
256,Port Hedland,AU,2022-07-20 16:51:02,-20.3167,118.5667,59.05,72,0,6.91
257,Tacuarembo,UY,2022-07-20 16:51:03,-31.7333,-55.9833,68.09,74,0,9.08
258,Poum,NC,2022-07-20 16:51:03,-20.2333,164.0167,74.93,88,100,14.05
259,Yarada,IN,2022-07-20 16:51:04,17.65,83.2667,84.52,84,20,2.3
260,Oistins,BB,2022-07-20 16:51:04,13.0667,-59.5333,82.49,83,75,9.22
261,Luanda,AO,2022-07-20 16:47:13,-8.8368,13.2343,73.4,78,75,6.91
262,Zhangjiakou,CN,2022-07-20 16:51:05,40.81,114.8794,70.25,70,27,2.04
263,Westport,US,2022-07-20 16:51:05,41.1415,-73.3579,96.4,59,0,11.5
264,Mariental,NA,2022-07-20 16:51:06,-24.6333,17.9667,62.08,28,0,4.25
265,Avera,US,2022-07-20 16:51:06,33.194,-82.5271,81.91,51,29,8.39
266,Hobyo,SO,2022-07-20 16:51:06,5.3505,48.5268,75.78,80,55,27.38
267,Ust-Kalmanka,RU,2022-07-20 16:51:07,52.1207,83.305,63.95,55,99,6.91
268,Atkinson,US,2022-07-20 16:51:07,42.8384,-71.147,95.22,53,75,1.99
269,Salinopolis,BR,2022-07-20 16:51:08,-0.6136,-47.3561,83.1,74,26,7.34
270,Mlonggo,ID,2022-07-20 16:51:08,-6.5333,110.7,77.61,84,28,6.22
271,Taltal,CL,2022-07-20 16:51:09,-25.4,-70.4833,63.05,69,96,7.05
272,Geraldton,AU,2022-07-20 16:51:09,-28.7667,114.6,70.21,73,100,13.8
273,Lakeside,US,2022-07-20 16:51:09,30.13,-81.7682,91.92,70,40,8.05
274,Haines Junction,CA,2022-07-20 16:51:10,60.7522,-137.5108,51.75,71,100,2.3
275,Yatou,CN,2022-07-20 16:51:10,37.15,122.3833,69.78,93,89,9.1
276,Zhigansk,RU,2022-07-20 16:51:11,66.7697,123.3711,49.15,68,77,16.46
277,Isangel,VU,2022-07-20 16:51:11,-19.55,169.2667,75.76,91,93,8.99
278,Hasaki,JP,2022-07-20 16:46:26,35.7333,140.8333,75.6,82,99,7.05
279,Klaksvik,FO,2022-07-20 16:51:12,62.2266,-6.589,50.92,93,72,14.83
280,Ayan,RU,2022-07-20 16:52:12,56.45,138.1667,57.09,96,100,3.27
281,Pangai,TO,2022-07-20 16:52:13,-19.8,-174.35,76.41,76,20,22.12
282,Nefteyugansk,RU,2022-07-20 16:52:13,61.0998,72.6035,62.92,62,68,6.4
283,San Patricio,US,2022-07-20 16:52:14,28.017,-97.5169,93.92,44,1,17.83
284,Voyinka,UA,2022-07-20 16:52:14,45.8699,33.9914,76.33,44,0,13.82
285,Locri,IT,2022-07-20 16:52:15,38.2414,16.2623,80.85,52,0,3.83
286,Graciano Sanchez,MX,2022-07-20 16:52:15,23.9167,-99.2833,99.32,28,67,6.46
287,Bereda,ES,2022-07-20 16:52:15,43.2686,-7.5406,70.14,79,2,8.57
288,Tougan,BF,2022-07-20 16:52:16,13.0667,-3.0667,83.68,62,99,12.26
289,Mahon,ES,2022-07-20 16:52:17,39.8885,4.2658,88.36,51,0,11.5
290,Havoysund,NO,2022-07-20 16:52:17,70.9963,24.6622,53.83,80,52,9.78
291,Sioux Lookout,CA,2022-07-20 16:52:17,50.1001,-91.917,69.87,83,100,16.11
292,Iracoubo,GF,2022-07-20 16:52:18,5.4802,-53.2011,83.57,69,11,8.41
293,Bambous Virieux,MU,2022-07-20 16:52:18,-20.3428,57.7575,71.85,64,40,19.57
294,Kuju,IN,2022-07-20 16:52:19,23.7167,85.5,81.34,87,100,2.89
295,Kenai,US,2022-07-20 16:52:19,60.5544,-151.2583,54.09,92,100,3.44
296,Tinde,TZ,2022-07-20 16:52:19,-3.8833,33.2,75.36,34,5,8.34
297,Anqiu,CN,2022-07-20 16:52:20,36.4342,119.1925,68.59,95,63,1.39
298,Dwarka,IN,2022-07-20 16:52:20,22.2394,68.9678,82.08,82,99,18.63
299,Susangerd,IR,2022-07-20 16:52:21,31.5608,48.1831,112.17,8,0,5.26
300,Pangnirtung,CA,2022-07-20 16:52:21,66.1451,-65.7125,48.2,87,100,8.05
301,Shreveport,US,2022-07-20 16:51:21,32.5251,-93.7502,94.71,55,0,13.8
302,Margate,GB,2022-07-20 16:52:22,51.3813,1.3862,80.11,62,54,5.99
303,Mayo,US,2022-07-20 16:52:22,38.8876,-76.5119,95.18,61,20,6.91
304,Tiarei,PF,2022-07-20 16:52:22,-17.5333,-149.3333,71.62,71,8,10.29
305,Taguatinga,BR,2022-07-20 16:52:23,-12.3857,-46.5711,93.02,19,11,6.08
306,Vyshestebliyevskaya,RU,2022-07-20 16:52:23,45.1961,37.0181,75.61,54,0,7.45
307,Riyadh,SA,2022-07-20 16:52:16,24.6877,46.7219,107.74,9,50,11.25
308,Bud,US,2022-07-20 16:52:24,39.447,-86.1758,89.58,78,3,13.29
309,Distraccion,CO,2022-07-20 16:52:25,10.8969,-72.8861,91.81,50,72,5.95
310,Port Macquarie,AU,2022-07-20 16:52:25,-31.4333,152.9167,51.69,100,100,1.14
311,Longyearbyen,SJ,2022-07-20 16:52:26,78.2186,15.6401,51.64,82,75,8.05
312,Byron Bay,AU,2022-07-20 16:52:26,-28.65,153.6167,55.94,72,99,15.61
313,Andra,RU,2022-07-20 16:52:26,62.5147,65.8878,61.88,62,95,7.23
314,Valleyview,CA,2022-07-20 16:52:27,55.0667,-117.2859,62.64,48,14,13.8
315,Qujing,CN,2022-07-20 16:52:28,25.4833,103.7833,61.59,96,100,1.34
316,Asau,RO,2022-07-20 16:52:28,46.4333,26.4,83.32,49,61,5.01
317,Banda Aceh,ID,2022-07-20 16:52:29,5.5577,95.3222,80.62,74,100,12.95
318,Beringovskiy,RU,2022-07-20 16:52:29,63.05,179.3167,43.25,80,89,20.92
319,Itarema,BR,2022-07-20 16:52:29,-2.9248,-39.9167,82.49,61,62,16.42
320,Cabra,ES,2022-07-20 16:52:30,37.4725,-4.4421,103.66,14,0,1.01
321,Fortuna,US,2022-07-20 16:50:20,40.5982,-124.1573,56.66,80,48,5.48
322,Batemans Bay,AU,2022-07-20 16:52:30,-35.7167,150.1833,52.11,87,96,2.46
323,Xichang,CN,2022-07-20 16:52:31,27.8964,102.2634,66.72,86,100,2.82
324,Baykit,RU,2022-07-20 16:52:31,61.67,96.37,53.35,94,58,0.72
325,Leh,IN,2022-07-20 16:52:32,34.1667,77.5833,70.0,16,74,11.88
326,Imamoglu,TR,2022-07-20 16:53:32,37.2651,35.6572,87.51,38,0,9.37
327,Bay Roberts,CA,2022-07-20 16:53:32,47.5999,-53.2648,74.95,78,61,8.99
328,Cururupu,BR,2022-07-20 16:53:33,-1.8283,-44.8683,86.45,60,35,4.29
329,Ucluelet,CA,2022-07-20 16:53:33,48.9329,-125.5528,55.71,79,39,5.08
330,Ancud,CL,2022-07-20 16:49:32,-41.8697,-73.8203,43.23,73,100,16.71
331,Mersing,MY,2022-07-20 16:53:34,2.4312,103.8405,78.71,94,20,0.0
332,Constantine,DZ,2022-07-20 16:53:34,36.365,6.6147,90.81,33,20,16.11
333,De-Kastri,RU,2022-07-20 16:53:35,51.4667,140.7833,57.6,89,100,7.0
334,Yuancheng,CN,2022-07-20 16:53:35,36.652,107.7896,68.34,65,0,4.5
335,Vanimo,PG,2022-07-20 16:53:36,-2.6741,141.3028,76.44,89,100,10.18
336,Sechura,PE,2022-07-20 16:53:36,-5.5569,-80.8222,72.99,58,5,10.27
337,Stavropol,RU,2022-07-20 16:53:36,45.0428,41.9733,62.89,94,40,4.47
338,Burnie,AU,2022-07-20 16:53:37,-41.0667,145.9167,41.94,81,12,7.76
339,Sao Joao Da Barra,BR,2022-07-20 16:53:37,-21.6403,-41.0511,80.69,77,57,9.66
340,Ola,RU,2022-07-20 16:53:38,59.5833,151.2833,52.14,94,27,0.27
341,Calabar,NG,2022-07-20 16:53:38,4.9517,8.322,75.06,90,100,6.42
342,Santa Maria,BR,2022-07-20 16:51:41,-29.6842,-53.8069,61.9,77,40,8.05
343,Hongjiang,CN,2022-07-20 16:53:39,27.11,109.9956,78.46,86,100,3.56
344,Henties Bay,NA,2022-07-20 16:53:39,-22.116,14.2845,55.42,85,0,13.35
345,Fort Nelson,CA,2022-07-20 16:53:40,58.8053,-122.7002,63.99,59,20,5.75
346,Nanakuli,US,2022-07-20 16:53:40,21.3906,-158.1547,76.95,74,71,12.24
347,Nelson Bay,AU,2022-07-20 16:53:40,-32.7167,152.15,61.0,82,74,7.0
348,Okhotsk,RU,2022-07-20 16:53:41,59.3833,143.3,57.22,94,93,4.41
349,Dorokhovo,RU,2022-07-20 16:53:41,55.5506,36.3744,59.47,74,65,11.07
350,Ende,ID,2022-07-20 16:53:42,-8.8432,121.6623,72.59,84,11,2.53
351,Clarence Town,AU,2022-07-20 16:53:42,-32.5833,151.7833,60.85,91,93,2.01
352,Kentau,KZ,2022-07-20 16:53:43,43.5206,68.5094,91.31,14,0,15.7
353,Grand Baie,MU,2022-07-20 16:53:43,-20.0182,57.5802,72.07,57,87,11.99
354,Wamba,NG,2022-07-20 16:53:44,8.9333,8.6,73.13,94,97,2.51
355,Sovetskiy,RU,2022-07-20 16:53:44,61.3614,63.5842,63.59,75,99,4.92
356,Fairbanks,US,2022-07-20 16:50:00,64.8378,-147.7164,54.3,88,75,4.61
357,Statesboro,US,2022-07-20 16:53:45,32.4488,-81.7832,89.13,66,100,5.75
358,Pevek,RU,2022-07-20 16:53:45,69.7008,170.3133,31.21,94,100,13.2
359,Galveston,US,2022-07-20 16:53:46,29.3669,-94.9669,97.02,68,75,16.11
360,Nhulunbuy,AU,2022-07-20 16:53:46,-12.2333,136.7667,63.21,94,58,0.0
361,Sumkino,RU,2022-07-20 16:53:46,58.1108,68.3244,60.94,95,99,3.47
362,Mgandu,TZ,2022-07-20 16:53:47,-5.95,34.1333,65.25,44,5,6.04
363,Port Lincoln,AU,2022-07-20 16:53:47,-34.7333,135.8667,50.58,75,26,10.22
364,Shamary,RU,2022-07-20 16:53:48,57.3434,58.2199,55.42,91,35,3.53
365,Talcahuano,CL,2022-07-20 16:53:48,-36.7167,-73.1167,53.28,87,100,10.36
366,San Policarpo,PH,2022-07-20 16:53:49,12.1791,125.5072,81.61,82,99,4.5
367,Kaitangata,NZ,2022-07-20 16:53:49,-46.2817,169.8464,41.61,79,89,5.86
368,Berdigestyakh,RU,2022-07-20 16:53:50,62.0989,126.6992,64.98,98,100,1.81
369,Sorland,NO,2022-07-20 16:53:50,67.667,12.6934,55.26,94,86,24.85
370,Jiazi,CN,2022-07-20 16:53:51,22.8779,116.067,82.51,85,8,3.04
371,Nanortalik,GL,2022-07-20 16:53:51,60.1432,-45.2371,53.04,80,82,14.56
372,Half Moon Bay,US,2022-07-20 16:53:51,37.4636,-122.4286,74.82,80,100,11.5
373,Beloha,MG,2022-07-20 16:54:52,-25.1667,45.05,64.83,61,0,8.61
374,Gizo,SB,2022-07-20 16:54:52,-8.103,156.8419,80.87,75,61,5.3
375,Suntar,RU,2022-07-20 16:54:53,62.1444,117.6319,57.34,93,100,4.38
376,Stary Sacz,PL,2022-07-20 16:54:53,49.5636,20.635,87.39,54,2,3.33
377,Seinajoki,FI,2022-07-20 16:54:54,62.7945,22.8282,75.24,36,0,4.0
378,Buriti,BR,2022-07-20 16:54:54,-22.9302,-45.3881,74.97,56,75,3.44
379,Labuhan,ID,2022-07-20 16:54:55,-6.8844,112.2051,75.54,83,80,8.75
380,Rocha,UY,2022-07-20 16:54:55,-34.4833,-54.3333,61.41,65,1,12.82
381,Palana,RU,2022-07-20 16:54:56,59.1167,159.9667,48.54,92,81,7.54
382,Shasta Lake,US,2022-07-20 16:54:56,40.6804,-122.3708,90.75,23,0,1.01
383,Makakilo City,US,2022-07-20 16:54:56,21.3469,-158.0858,75.52,73,77,14.54
384,Urengoy,RU,2022-07-20 16:54:57,65.9667,78.3667,54.99,62,100,13.33
385,Lakes Entrance,AU,2022-07-20 16:54:57,-37.8811,147.981,42.93,84,2,6.67
386,Solnechnyy,RU,2022-07-20 16:54:58,50.7214,136.6319,57.76,94,98,4.88
387,Harper,LR,2022-07-20 16:54:58,4.375,-7.7169,76.82,68,93,8.19
388,Xining,CN,2022-07-20 16:54:59,36.6167,101.7667,54.34,71,58,4.16
389,Elizabeth City,US,2022-07-20 16:54:59,36.2946,-76.2511,93.06,70,1,5.01
390,Tilichiki,RU,2022-07-20 16:55:00,60.4667,166.1,45.63,59,8,6.13
391,Zhezkazgan,KZ,2022-07-20 16:55:00,47.8043,67.7144,88.03,28,68,15.93
392,Novikovo,RU,2022-07-20 16:55:01,51.1537,37.8879,59.56,96,100,6.82
393,Glyadyanskoye,RU,2022-07-20 16:55:01,54.9075,65.0883,61.21,90,3,8.21
394,Lanycsok,HU,2022-07-20 16:55:02,46.0054,18.6253,90.73,14,6,4.47
395,Saint-Francois,FR,2022-07-20 16:54:30,46.4154,3.9054,78.24,53,0,8.05
396,Chaman,PK,2022-07-20 16:55:02,30.9236,66.4512,92.44,14,0,8.63
397,Santa Marta,CO,2022-07-20 16:55:03,11.2408,-74.199,89.65,66,20,6.91
398,Kupino,RU,2022-07-20 16:55:03,54.3663,77.2981,62.67,80,100,8.66
399,Yokadouma,CM,2022-07-20 16:55:04,3.5167,15.05,71.55,95,100,0.58
400,Bandarbeyla,SO,2022-07-20 16:55:04,9.4942,50.8122,82.22,53,44,25.64
401,Mehran,IR,2022-07-20 16:55:05,33.1222,46.1646,106.11,6,0,14.25
402,Mazagao,BR,2022-07-20 16:55:05,-0.115,-51.2894,91.45,55,30,5.39
403,Metu,ET,2022-07-20 16:55:05,8.3,35.5833,57.79,99,100,2.01
404,Idrinskoye,RU,2022-07-20 16:55:06,54.3708,92.1358,56.44,85,96,2.17
405,Amapa,BR,2022-07-20 16:55:06,1.0,-52.0,84.31,69,42,3.96
406,Faanui,PF,2022-07-20 16:54:24,-16.4833,-151.75,77.45,65,0,8.88
407,Serrinha,BR,2022-07-20 16:55:07,-11.6642,-39.0075,74.01,76,100,10.58
408,Burayevo,RU,2022-07-20 16:55:07,55.8407,55.4083,57.58,91,15,6.6
409,Hunsur,IN,2022-07-20 16:55:08,12.3075,76.2878,70.68,92,86,9.6
410,Vao,NC,2022-07-20 16:55:08,-22.6667,167.4833,73.74,90,100,9.37
411,Guarapari,BR,2022-07-20 16:55:09,-20.6667,-40.4975,75.88,65,4,8.08
412,San Cristobal,VE,2022-07-20 16:55:09,7.7669,-72.225,77.18,58,55,7.58
413,Kalmunai,LK,2022-07-20 16:55:10,7.4167,81.8167,81.73,79,93,0.58
414,Vardo,NO,2022-07-20 16:55:10,70.3705,31.1107,53.58,94,75,2.3
415,Yichun,CN,2022-07-20 16:55:11,47.7,128.9,60.85,96,23,0.67
416,Pontianak,ID,2022-07-20 16:55:11,-0.0333,109.3333,78.78,94,40,5.75
417,Lerik,AZ,2022-07-20 16:55:12,38.7726,48.4128,67.64,86,0,4.9
418,Newport,GB,2022-07-20 16:55:12,51.5877,-2.9984,71.46,70,73,10.87
419,Kitimat,CA,2022-07-20 16:56:13,54.0524,-128.6534,63.91,45,47,1.63
420,Chulym,RU,2022-07-20 16:56:13,55.0997,80.9572,64.33,62,100,5.66
421,Urucara,BR,2022-07-20 16:56:14,-2.5364,-57.76,85.5,72,32,0.4
422,Moscow,RU,2022-07-20 16:53:30,55.7522,37.6156,63.14,77,78,9.62
423,Wahpeton,US,2022-07-20 16:56:14,46.2652,-96.6059,82.42,54,0,12.66
424,Turukhansk,RU,2022-07-20 16:56:15,65.8167,87.9833,51.35,90,100,6.76
425,Kinkala,CG,2022-07-20 16:56:16,-4.3614,14.7644,79.54,54,98,4.72
426,Namatanai,PG,2022-07-20 16:56:16,-3.6667,152.4333,78.06,81,99,6.69
427,Weligama,LK,2022-07-20 16:56:17,5.9667,80.4167,78.15,88,100,14.52
428,Broome,US,2022-07-20 16:56:17,42.2506,-75.833,91.69,55,9,7.0
429,Chapais,CA,2022-07-20 16:56:17,49.7834,-74.8492,67.78,38,97,4.09
430,Porto Murtinho,BR,2022-07-20 16:56:18,-21.6989,-57.8825,94.77,17,68,9.66
431,Krasnyy Chikoy,RU,2022-07-20 16:56:18,50.3643,108.7512,55.6,86,87,3.38
432,Makhachkala,RU,2022-07-20 16:56:19,42.9764,47.5024,77.02,74,2,5.01
433,Yeniseysk,RU,2022-07-20 16:56:19,58.4497,92.1703,54.82,97,98,4.12
434,Sao Felix Do Xingu,BR,2022-07-20 16:56:20,-6.6447,-51.995,96.28,23,2,3.51
435,Macia,MZ,2022-07-20 16:56:20,-25.0269,33.0989,68.85,71,8,6.31
436,Kahului,US,2022-07-20 16:56:21,20.8947,-156.47,71.96,90,39,12.3
437,Anadyr,RU,2022-07-20 16:56:22,64.75,177.4833,41.5,93,100,6.71
438,Boddam,GB,2022-07-20 16:56:22,57.4667,-1.7833,69.44,86,99,3.94
439,Aguimes,ES,2022-07-20 16:56:22,27.9054,-15.4461,79.66,65,20,32.21
440,Shingu,JP,2022-07-20 16:52:15,33.7333,135.9833,75.04,72,98,5.79
441,Ust-Kuyga,RU,2022-07-20 16:56:23,70.0167,135.6,40.12,83,14,4.27
442,Ialibu,PG,2022-07-20 16:56:24,-6.2821,143.9935,57.06,99,100,1.86
443,Balikpapan,ID,2022-07-20 16:56:24,-1.2675,116.8289,79.79,94,40,2.3
444,Kirando,TZ,2022-07-20 16:56:24,-7.4167,30.6,75.83,54,2,3.38
445,Pemba,MZ,2022-07-20 16:56:25,-12.974,40.5178,75.9,69,40,9.22
446,Concarneau,FR,2022-07-20 16:56:25,47.875,-3.9225,75.81,69,57,13.67
447,Mantua,IT,2022-07-20 16:56:26,45.1667,10.7833,98.1,38,0,12.91
448,Yangambi,CD,2022-07-20 16:56:26,0.8102,24.4336,73.49,88,98,2.06
449,Luderitz,NA,2022-07-20 16:52:59,-26.6481,15.1594,59.61,58,0,23.22
450,Asfi,MA,2022-07-20 16:55:11,32.2994,-9.2372,81.45,54,27,21.88
451,Beruwala,LK,2022-07-20 16:56:27,6.4788,79.9828,78.42,88,100,12.88
452,Pangody,RU,2022-07-20 16:56:27,65.85,74.4859,55.74,58,27,6.85
453,Teplyk,UA,2022-07-20 16:56:28,48.6657,29.745,78.21,41,91,19.04
454,Katsuura,JP,2022-07-20 16:56:28,35.1333,140.3,77.76,81,99,5.23
455,Palmer,US,2022-07-20 16:51:35,42.1584,-72.3287,92.62,53,2,1.01
456,Kelso,US,2022-07-20 16:56:29,46.1468,-122.9084,77.4,76,3,2.04
457,Micomeseng,GQ,2022-07-20 16:56:29,2.1462,10.6164,71.6,88,100,5.44
458,Waw,SS,2022-07-20 16:56:30,7.7029,27.9953,71.78,88,100,2.51
459,Aguazul,CO,2022-07-20 16:56:30,5.1728,-72.5471,73.24,97,99,4.41
460,Dhule,IN,2022-07-20 16:53:32,20.9,74.7833,79.66,78,97,8.48
461,Wagar,SD,2022-07-20 16:56:31,16.1525,36.2032,81.34,66,99,30.38
462,Saulkrasti,LV,2022-07-20 16:57:31,57.2622,24.4147,68.92,72,38,10.4
463,Concepcion Del Oro,MX,2022-07-20 16:57:32,24.6333,-101.4167,77.2,34,3,1.54
464,Sao Filipe,CV,2022-07-20 16:57:32,14.8961,-24.4956,77.61,84,82,2.98
465,Sitka,US,2022-07-20 16:53:25,57.0531,-135.33,52.36,91,100,4.99
466,Ler,SS,2022-07-20 16:57:33,8.3018,30.1418,74.5,79,81,2.75
467,Morant Bay,JM,2022-07-20 16:57:33,17.8815,-76.4093,90.72,68,9,14.34
468,Papar,MY,2022-07-20 16:57:33,5.7333,115.9333,78.8,79,75,4.09
469,Moose Factory,CA,2022-07-20 16:57:34,51.2585,-80.6094,64.4,77,100,10.36
470,Jiayuguan,CN,2022-07-20 16:57:34,39.8167,98.3,59.13,74,100,24.67
471,Anahuac,MX,2022-07-20 16:57:35,27.2333,-100.15,95.41,36,53,10.45
472,Mindelo,CV,2022-07-20 16:57:35,16.8901,-24.9804,83.75,61,40,16.11
473,Mto Wa Mbu,TZ,2022-07-20 16:57:35,-3.35,35.85,68.63,62,56,6.04
474,Bathsheba,BB,2022-07-20 16:57:36,13.2167,-59.5167,83.01,96,75,9.22
475,Evans,US,2022-07-20 16:57:36,33.5337,-82.1307,84.72,43,11,9.48
476,Nizhnekamsk,RU,2022-07-20 16:57:37,55.6366,51.8245,65.19,63,20,6.71
477,Gushikawa,JP,2022-07-20 16:57:37,26.3544,127.8686,83.43,88,83,10.96
478,Rundu,NA,2022-07-20 16:57:38,-17.9333,19.7667,63.57,28,2,2.37
479,Bougouni,ML,2022-07-20 16:57:38,11.417,-7.479,76.73,83,100,6.38
480,Richards Bay,ZA,2022-07-20 16:57:38,-28.783,32.0377,67.41,78,25,9.08
481,Mandurah,AU,2022-07-20 16:53:03,-32.55,115.7,64.9,70,98,16.82
482,Shenjiamen,CN,2022-07-20 16:57:39,29.9576,122.298,77.47,95,100,9.1
483,Monte Escobedo,MX,2022-07-20 16:57:39,22.3,-103.5833,71.78,47,36,3.62
484,Collie,AU,2022-07-20 16:57:40,-33.3667,116.15,57.6,78,88,6.49
485,Korla,CN,2022-07-20 16:57:40,41.7597,86.1469,71.6,41,8,8.21
486,Touros,BR,2022-07-20 16:57:41,-5.1989,-35.4608,81.41,62,25,16.89
487,Praia,CV,2022-07-20 16:57:41,14.9215,-23.5087,84.74,70,40,9.22
488,Pavilosta,LV,2022-07-20 16:56:23,56.8879,21.1859,73.31,68,81,5.86
489,Hendaye,FR,2022-07-20 16:57:42,43.3717,-1.7738,75.96,81,75,4.61
490,Esfarayen,IR,2022-07-20 16:57:42,37.0765,57.5101,83.86,17,0,11.07
491,Thinadhoo,MV,2022-07-20 16:57:43,0.5333,72.9333,80.35,75,100,6.64
492,Riverton,US,2022-07-20 16:52:43,40.5219,-111.9391,89.31,36,0,6.91
493,Aswan,EG,2022-07-20 16:57:43,24.0934,32.907,106.9,11,0,13.8
494,Nanchong,CN,2022-07-20 16:57:44,30.7951,106.0847,76.01,87,83,4.29
495,Muli,MV,2022-07-20 16:52:55,2.9167,73.5667,78.46,82,100,11.59
496,Mae Hong Son,TH,2022-07-20 16:57:44,19.3003,97.9685,75.96,99,98,1.83
497,Tongliao,CN,2022-07-20 16:57:45,43.6125,122.2653,71.29,84,100,3.89
498,Ketchikan,US,2022-07-20 16:57:45,55.3422,-131.6461,57.63,83,100,3.78
499,Kaeo,NZ,2022-07-20 16:57:46,-35.1,173.7833,48.74,83,25,8.75
500,Dabakala,CI,2022-07-20 16:57:46,8.3667,-4.4333,77.02,72,100,6.8
501,Yaan,NG,2022-07-20 16:57:47,7.3833,8.5667,78.67,77,96,1.68
502,Alice Springs,AU,2022-07-20 16:57:47,-23.7,133.8833,36.95,65,1,0.0
503,Dehloran,IR,2022-07-20 16:57:47,32.6941,47.2679,108.01,8,0,10.42
504,Gondanglegi,ID,2022-07-20 16:57:48,-7.7479,112.0132,72.93,86,21,11.77
505,Pala,TD,2022-07-20 16:57:48,9.3642,14.9046,74.61,86,90,5.03
506,Valparaiso,CL,2022-07-20 16:57:49,-33.0393,-71.6273,57.43,76,75,3.44
507,Vanavara,RU,2022-07-20 16:57:49,60.34,102.2797,58.17,81,67,5.32
508,Coahuayana,MX,2022-07-20 16:57:49,18.7333,-103.6833,93.34,51,80,3.38
509,Strezhevoy,RU,2022-07-20 16:57:50,60.7333,77.5889,60.93,62,91,4.16
510,Batagay-Alyta,RU,2022-07-20 16:58:50,67.8006,130.4114,37.9,88,100,0.43
511,Tulun,RU,2022-07-20 16:58:51,54.5611,100.5792,54.1,84,63,2.06
512,Orasac,BA,2022-07-20 16:58:51,44.6289,16.0711,81.7,47,0,3.24
513,Pilar,BR,2022-07-20 16:58:51,-9.5972,-35.9567,76.93,89,64,9.8
514,Aqtobe,KZ,2022-07-20 16:58:52,50.2797,57.2072,75.29,38,0,4.47
515,Qasigiannguit,GL,2022-07-20 16:58:52,68.8193,-51.1922,48.9,60,98,1.7
516,Kapchorwa,UG,2022-07-20 16:58:53,1.3965,34.4509,58.91,84,77,4.76
517,Hervey Bay,AU,2022-07-20 16:58:53,-25.2986,152.8535,64.69,69,97,23.62
518,Vila Velha,BR,2022-07-20 16:58:53,-20.3297,-40.2925,76.95,78,20,14.97
519,Plouzane,FR,2022-07-20 16:58:54,48.3833,-4.6167,64.45,91,100,11.5
520,Uarini,BR,2022-07-20 16:58:54,-2.99,-65.1083,86.97,61,74,1.81
521,Tando Jam,PK,2022-07-20 16:58:55,25.4272,68.5362,86.67,72,95,21.61
522,Okato,NZ,2022-07-20 16:58:55,-39.2,173.8833,48.18,87,63,4.0
523,Sal Rei,CV,2022-07-20 16:58:55,16.1833,-22.9167,82.6,69,75,9.22
524,Vestmanna,FO,2022-07-20 16:58:56,62.1564,-7.1664,49.12,93,100,14.97
525,Celestun,MX,2022-07-20 16:58:56,20.8667,-90.4,87.91,58,5,10.89
526,Solenzo,BF,2022-07-20 16:58:57,12.1833,-4.0833,80.47,72,99,10.6
527,Adrar,MR,2022-07-20 16:58:57,20.5022,-10.0711,107.33,10,15,9.37
528,Ararat,AM,2022-07-20 16:58:58,39.8317,44.7049,86.34,32,4,9.86
529,Grindavik,IS,2022-07-20 16:58:58,63.8424,-22.4338,57.15,82,20,16.11
530,Hammerfest,NO,2022-07-20 16:58:58,70.6634,23.6821,64.85,68,40,9.22
531,Mabaruma,GY,2022-07-20 16:58:59,8.2,-59.7833,81.46,89,100,2.93
532,Store Heddinge,DK,2022-07-20 16:58:59,55.3097,12.3889,82.9,74,11,16.28
533,Tezu,IN,2022-07-20 16:59:00,27.9167,96.1667,76.35,97,99,2.95
534,Kieta,PG,2022-07-20 16:59:00,-6.2167,155.6333,77.67,84,100,4.45
535,Tado,CO,2022-07-20 16:59:00,5.266,-76.5649,78.62,74,100,3.38
536,Guisa,CU,2022-07-20 16:59:01,20.255,-76.5386,88.39,53,88,7.54
537,Nantucket,US,2022-07-20 16:59:01,41.2835,-70.0995,85.08,89,44,14.29
538,Juye,CN,2022-07-20 16:59:02,35.3947,116.0883,70.92,96,74,5.01
539,Cairns,AU,2022-07-20 16:56:04,-16.9167,145.7667,69.75,86,100,9.22
540,North Branch,US,2022-07-20 16:56:12,45.5113,-92.9802,86.07,75,98,4.0
541,Kenora,CA,2022-07-20 16:54:18,49.8167,-94.4337,74.37,60,40,13.8
542,Guerrero Negro,MX,2022-07-20 16:59:03,27.9769,-114.0611,78.84,53,55,9.13
543,Daru,PG,2022-07-20 16:59:03,-9.0763,143.2092,76.12,92,87,10.42
544,Gurupa,BR,2022-07-20 16:59:04,-1.405,-51.64,88.43,55,90,1.95
545,Bengkulu,ID,2022-07-20 16:59:04,-3.8004,102.2655,77.16,88,90,3.47
546,Qandala,SO,2022-07-20 16:59:05,11.472,49.8728,87.66,58,77,10.09
547,Umm Lajj,SA,2022-07-20 16:59:05,25.0213,37.2685,89.08,56,1,7.9
548,Ridgecrest,US,2022-07-20 16:59:06,35.6225,-117.6709,97.02,18,41,5.3
549,Tateyama,JP,2022-07-20 16:59:06,34.9833,139.8667,77.09,81,98,8.19
550,Matara,LK,2022-07-20 16:59:06,5.9485,80.5353,78.15,88,100,14.23
551,Anaconda,US,2022-07-20 16:59:07,46.1285,-112.9423,78.06,19,0,9.98
552,Tineo,ES,2022-07-20 16:59:07,43.3376,-6.4145,64.63,67,18,7.74
553,Puri,IN,2022-07-20 16:58:17,19.8,85.85,82.92,80,100,10.11
554,Waitati,NZ,2022-07-20 16:59:08,-45.75,170.5667,44.8,89,89,8.43
555,Allahganj,IN,2022-07-20 16:59:08,27.55,79.6833,84.43,71,100,8.95
556,Kotka,FI,2022-07-20 16:59:09,60.4664,26.9458,74.46,54,11,13.13
557,Buin,CL,2022-07-20 16:59:09,-33.7333,-70.75,70.43,38,0,1.79
558,Mpika,ZM,2022-07-20 16:59:10,-11.8343,31.4529,61.36,55,36,4.38
559,Meadow Lake,US,2022-07-20 17:00:10,34.8014,-106.5436,93.22,28,59,8.57
560,Houma,US,2022-07-20 16:58:20,29.5958,-90.7195,93.02,67,40,9.22
561,Urumqi,CN,2022-07-20 17:00:04,43.801,87.6005,72.55,31,0,6.71
562,Qarqin,AF,2022-07-20 17:00:12,37.4185,66.0436,98.67,10,0,6.2
563,Fukue,JP,2022-07-20 17:00:12,32.6881,128.8419,81.3,91,96,14.56
564,Mach,PK,2022-07-20 17:00:13,29.8637,67.3298,88.92,58,0,3.83
565,Sironj,IN,2022-07-20 17:00:13,24.1,77.7,79.65,87,100,13.02
566,Nador,MA,2022-07-20 17:00:14,35.174,-2.9287,82.65,74,20,5.75
567,Riberalta,BO,2022-07-20 17:00:14,-10.9833,-66.1,93.34,25,35,3.51
568,Agadez,NE,2022-07-20 17:00:15,19.75,10.25,100.65,8,2,8.23
569,Saint-Joseph,RE,2022-07-20 17:00:16,-21.3667,55.6167,70.18,72,27,15.9
570,Tigil,RU,2022-07-20 17:00:16,57.8,158.6667,51.42,95,67,3.29
571,Awjilah,LY,2022-07-20 17:00:17,29.1081,21.2869,90.99,16,0,10.16
572,Dauriya,RU,2022-07-20 17:00:17,49.9333,116.8667,63.68,78,75,4.47
573,Astana,KZ,2022-07-20 17:00:18,51.1801,71.446,82.35,36,20,6.71
574,Mount Darwin,ZW,2022-07-20 17:00:19,-16.7725,31.5838,63.18,57,76,4.09
575,Bayan,CN,2022-07-20 17:00:19,46.0833,127.4,67.91,89,9,2.04
576,Eskil,TR,2022-07-20 17:00:20,38.4017,33.4131,75.88,39,2,15.73
577,La Palma,US,2022-07-20 17:00:21,33.8464,-118.0467,89.96,71,85,5.99
578,Geghamasar,AM,2022-07-20 17:00:21,40.3109,45.6792,61.03,72,5,5.12
579,Mehamn,NO,2022-07-20 17:00:23,71.0357,27.8492,55.35,94,20,4.61
580,Vendome,FR,2022-07-20 17:00:23,47.8,1.0667,82.69,58,50,9.86
581,Maniitsoq,GL,2022-07-20 17:00:24,65.4167,-52.9,48.67,79,100,6.24
582,San Jeronimo,PE,2022-07-20 17:00:24,-11.9472,-75.2829,58.86,33,27,3.04
583,Lake City,US,2022-07-20 17:00:25,30.1897,-82.6393,84.25,70,40,9.22
584,Santa Fe,AR,2022-07-20 16:55:32,-31.6333,-60.7,68.99,62,34,4.0
585,Krumbach,DE,2022-07-20 17:00:25,48.2418,10.3632,93.61,79,47,17.11
586,Quchan,IR,2022-07-20 17:00:26,37.106,58.5095,78.3,18,0,13.33
587,Tocopilla,CL,2022-07-20 17:00:26,-22.092,-70.1979,65.46,71,97,6.24
588,Chernushka,RU,2022-07-20 17:00:27,56.5072,56.0766,56.79,92,30,6.62
589,Chernyshevskiy,RU,2022-07-20 17:00:28,63.0128,112.4714,52.21,84,100,2.66
590,Bani Walid,LY,2022-07-20 17:00:28,31.7566,13.9942,88.92,32,0,21.5
591,Alyangula,AU,2022-07-20 17:00:29,-13.8483,136.4192,67.57,76,31,8.95
592,Faya,SA,2022-07-20 17:00:29,18.3851,42.4509,66.99,59,100,7.9
593,Bykovo,RU,2022-07-20 17:00:30,55.6361,38.0803,63.32,82,75,13.42
594,Casper,US,2022-07-20 17:00:30,42.8666,-106.3131,86.72,18,0,11.5
595,Benton,US,2022-07-20 16:59:32,36.3334,-94.3335,97.11,48,99,18.99
596,Fare,PF,2022-07-20 17:00:31,-16.7,-151.0167,77.34,67,0,9.1
597,Puerto Madero,MX,2022-07-20 17:00:31,14.7208,-92.4215,82.78,78,100,3.62
598,Stillwater,US,2022-07-20 17:00:32,36.1156,-97.0584,102.34,34,0,5.75
599,Chumikan,RU,2022-07-20 17:00:32,54.7183,135.315,51.24,100,100,5.86
600,Entebbe,UG,2022-07-20 17:00:33,0.0644,32.4469,73.72,64,20,6.91
601,Champerico,GT,2022-07-20 17:00:33,14.3,-91.9167,83.25,75,100,4.63
602,Darlowo,PL,2022-07-20 17:01:34,54.421,16.4107,78.58,58,32,7.25
603,Finspang,SE,2022-07-20 17:01:34,58.7058,15.7674,90.12,33,61,2.95
